{"menu":[
    {"name": "Filet Mignon", "price": "18.99"},
    {"name": "Steak", "price": 14.99},
    {"name": "Ribeye", "price": "16.50"},
    {"name": "Chicken", "price": 12.99},
    {"name": "Small Shrimp", "price": 12.99},
    {"name": "Jumbo Shrimp", "price": 16.50},
    {"name": "Lobster", "price": 18.50},
    {"name": "Vegetable Dinner", "price": 11.50},
    {"name": "Steak & Chicken", "price": 15.50},
    {"name": "Steak & Jumbo Shrimp", "price": 17.50},
    {"name": "Steak & Small Shrimp", "price": 16.99},
    {"name": "Steak & Lobster", "price": 19.99},
    {"name": "Ribeye & Chicken", "price": 17.50},
    {"name": "Ribeye & Small Shrimp", "price": 17.99},
    {"name": "Ribeye & Jumbo Shrimp", "price": 18.99},
    {"name": "Ribeye & Lobster", "price": 20.99},
    {"name": "Filet & Chicken", "price": 21.99},
    {"name": "Filet & Small Shrimp", "price": 21.99},
    {"name": "Filet & Jumbo Shrimp", "price": 22.99},
    {"name": "Filet & Lobster", "price": 24.99},
    {"name": "Chicken & Jumbo Shrimp", "price": 18.50},
    {"name": "Chicken & Small Shrimp", "price": 17.50},
    {"name": "Chicken & Lobster", "price": 18.99},
    {"name": "Lobster & Jumbo Shrimp", "price": 22.00},
    {"name": "Lobster & Small Shrimp", "price": 21.50}
]}